key,temp_mean_c,temp_spread_c,temp_amplitude_c,sky_1_percent,sky_2_percent,sky_3_percent,sky_4_percent,sky_5_percent,temp_memory,note
# Одно число на сутки — среднесуточная: сезонная средняя + шум в пределах
# разброса. Рядом — АМПЛИТУДА суточного хода (Камера и визуал §4, решение
# человека 31.08.2026): днём = среднесуточная + амплитуда, ночью = минус.
# Границы −15…+30 — показания градусника: +30 — самый жаркий день лета
# (19 + 5 + 6), −15 — самая холодная ночь зимы (−10 − 2 − 3); зимний разброс
# сужен с 5 до 2, чтобы ночь не пробивала шкалу. Дневную читают жара и
# засуха; всё остальное — среднесуточную, как и было. Числа — полировка,
# границы шкалы — нет.
# sky_1..5_percent — НЕБО ПЯТЬЮ СТУПЕНЯМИ (Камера и визуал §4, «Небо — пять
# ступеней», слово человека 18.09.2026): ясно, переменная облачность,
# пасмурно, слабые осадки, сильные осадки. Каждые сутки тянут одну ступень
# по долям своего сезона; дождь, снег, гроза, метель, туман, заморозок и
# жара следуют из ступени, температуры и окна месяцев (weather_params.csv).
# Все пять или ни одной, сумма 100. Доля мокрых суток сезона — ступени 4 + 5.
# До 18.09.2026 здесь стояли precipitation_chance_percent, wet_persistence
# и cloud_swing: их место заняли доли ступеней и sky_swing_1..5.
# temp_memory — сцепление суток: сегодня помнит вчера (AR(1)). Ноль — погода
# без памяти, какой она была до 4 сентября 2026: каждые сутки разыгрывались
# сами по себе, полоса из N одинаковых суток падала степенью, и явлений,
# которые дизайн определяет ДЛИТЕЛЬНОСТЬЮ («долгая жара без дождя»,
# «затяжные дожди»), модель не производила ни при какой силе.
# Проверяется прогоном weather_shape: сверка §13.11.
# ПАМЯТЬ СЕЙЧАС ВЫКЛЮЧЕНА (0), И ЭТО НЕ ЗАБЫТАЯ СТРОКА.
# Механизм готов и измерен, но при любой ненулевой памяти сцепленные сутки
# закрывают ОКНО СЕВА целиком: первогодний прогон даёт 15 чел-дней сева
# вместо 55–61, и год теряется без единого решения игрока. Это упирается в
# красную линию дизайна «не наказывать за непредвидимое», а защита, которую
# дизайн для этого держит, — прогноз на трое суток — на границе ещё не
# выведена. Решение балансное и не моё: числа переданы boss'у посылкой
# core-cloud-swing, включается одной строкой здесь.
# Замеренная цена включения (сверка §13.11, ДО пяти ступеней): 0.3/0.2 —
# жителей 1544 против 1606, мокрых полос по 5+ суток 89 против 39, «сохнет»
# 7 полевых суток за тридцать лет против 2; два первогодних эталонных
# прогона краснеют.
winter,-10,2,3,20,15,30,28,7,0
spring,5,7,5,15,20,30,23,12,0
summer,19,5,6,30,30,15,17,8,0
autumn,6,7,5,10,15,30,32,13,0
